{
  "allow": [
    {
      "description": "Open version and deepcheck endpoints",
      "paths": [
        "/version",
        "/deepcheck"
      ],
      "methods": [
        "GET"
      ],
      "principals": {
        "open": {
          "reason": "Allow requests for version and healthcheck endpoints"
        }
      }
    },
		{
			"description": "Healthcheck endpoints",
			"paths": [
				"/healthcheck",
				"/healthcheck/**"
			],
			"methods": [
				"GET", "POST"
			],
			"principals": {
				"open": {
					"reason": "Allow requests for healthcheck endpoints"
				}
			}
		},
    {
      "description": "Open all endpoints used in the App logic",
      "paths": [
        "/",
        "/github/**",
        "/create-branch-options",
        "/jira",
        "/jira/**",
        "/maintenance",
        "/public/**",
				"/spa",
				"/spa/**",
				"/rest/**",
        "/session",
        "/session/**",
        "/error",
        "/error/**",
        "/setup"
      ],
      "methods": [
        "*"
      ],
      "principals": {
        "open": {
          "reason": "Allow requests to the app endpoints because authentication is handled on the app side"
        }
      }
    },
    {
      "description": "Allow service team to call API endpoints",
      "paths": [
        "/api/**"
      ],
      "methods": [
        "GET",
				"POST"
      ],
      "principals": {
        "staff": {
          "groups": [
            "micros-sv--github-for-jira-dl-admins"
          ]
        }
      }
    },
		{
			"description": "Allow support team to call hash endpoint",
			"paths": [
				"/api/hash"
			],
			"methods": [
				"POST"
			],
			"principals": {
				"staff": {
					"groups": [
						"micros-sv--github-for-jira-dl-safe-logging-read"
					]
				}
			}
		},
		{
			"description": "Microscope Panel Routes",
			"paths": [
				"/microscope/**"
			],
			"methods": [
				"*"
			],
			"principals": {
				"asap": {
					"issuers": [
						"micros/manager-service"
					]
				},
				"staff": {
					"groups": [
						"micros-sv--github-for-jira-dl-admins"
					]
				}
			}
		}
  ]
}
